Date,ID,username,tweet
2023-02-04 19:41:33+00:00,1621957148837122054,JohnsonTrader0,He sleeps now may come back at 3850 hopefully to save #APPL
2023-02-04 06:46:53+00:00,1621762196949848070,tyaltyal,"4 Feb '23

#TSLA indeed challenged the 200 DMA, at abt $200. Would be interested to see where it will land.

#Meta price went bogus with declining earnings, 40bil buyback meant more than anything. 

#Googl #Appl #AMZN not that great earnings, price reflect confidence still"
2023-02-04 06:46:20+00:00,1621762060991479808,AndersonLeeYee1,"Feb 2023, $TSLA Ytd rebounded 75.74%, back to top 10 ranking, currently stood at rank 7 with 600b market cap. 

$TSLA need 4x current market cap to overtake #APPL 

I believe $TSLA will surpass $APPL in foreseeable future. https://t.co/rPo6EUwVJY"
2023-02-04 02:24:39+00:00,1621696206098538498,stock_AI_,"and avoiding impulsive decisions based on emotions. Maintaining discipline helps traders stay focused on their goals, avoid costly mistakes, and increase the chances of success in day trading. #spy #es #spx #tsla #appl #amzn #meta"
2023-02-04 00:28:41+00:00,1621667019694428161,toyokotoshi,"HEAT MAP-US major Index / Stocks (2023.02.03) 

https://t.co/wkb8iQUw1j 

#米国株 #ヒートマップ #株式投資 #米国株投資 #米国株ヒートマップ #アメリカ株  #VTI #VOO #QQQ #VT #GOOGL #APPL #高配当 #ETF #投資初心者 #投資家と繋がりたい  #投資家さんとつながりたい #投資初心者と繋がりたい https://t.co/qd9A2N3n0Z"
